imputed,V1
FALSE,95.1686690498538
TRUE,4.83133095014624
